query_name;max;min;mean;stddev;0.5p;0.25p;0.75p;n
duc7.sparql;1343.0;530.0;668.2058823529412;216.68130267308388;530.0;530.0;530.0275;136
duc1.sparql;1937.0;4.0;21.066666666666688;157.53770899030837;4.0;4.0;4.1325;150
duc6.sparql;748.0;88.0;126.08749999999996;60.30888912024695;88.0;88.0;88.2075;160
duc5.sparql;2328.0;464.0;590.4305555555554;216.49340346796654;464.0;464.0;464.0;144
duc3.sparql;243.0;19.0;32.65734265734267;22.439937013514353;19.0;19.0;19.08;143
duc2.sparql;1163.0;500.0;606.4;188.9572156806883;500.0;500.0;500.0;110
duc4.sparql;308.0;147.0;187.72727272727272;48.52119878400062;147.0;147.0;147.0;132
