query_name;max;min;mean;stddev;0.5p;0.25p;0.75p;n
duc3.sql;3699.0;38.0;74.08661417322826;324.25712469371535;38.0;38.0;38.0;127
duc4.sql;203.0;77.0;85.34722222222223;11.892478344779159;77.0;77.0;77.0;144
duc2.sql;1188.0;22.0;33.58992805755395;98.7011161669588;22.0;22.0;22.0;139
duc1.sql;86.0;1.0;2.2647058823529402;7.251293927055883;1.0;1.0;1.0;136
duc6.sql;8574.0;101.0;177.08800000000008;757.1282332263055;101.0;101.0;101.0;125
duc7.sql;128.0;37.0;43.57142857142858;8.37952565581431;37.0;37.0;37.0;133
duc5.sql;799.0;74.0;89.6115702479339;65.42315745728295;74.0;74.0;74.0;121
