query_name;max;min;mean;stddev;0.5p;0.25p;0.75p;n
dsv6.sql;979.0;154.0;184.59722222222223;68.30754388550767;154.0;154.0;154.2625;144
dv.sql;0.0;0.0;0.0;0.0;0.0;0.0;0.0;173
dsv4.sql;2586.0;802.0;864.051282051282;199.52762909567014;802.0;802.0;802.1775;156
dsv1.sql;81.0;3.0;5.762237762237763;6.515375143997063;3.0;3.0;3.08;143
dsv2.sql;3048.0;3.0;29.662337662337723;244.84262574710098;3.0;3.0;3.1624999999999996;154
dsv3.sql;7.0;0.0;0.593548387096774;0.8580919197692947;0.0;0.0;0.0;155
