query_name;max;min;mean;stddev;0.5p;0.25p;0.75p;n
duc7.sparql;58.0;16.0;20.551470588235293;5.530815830171591;16.0;16.0;16.0;136
duc1.sparql;568.0;11.0;17.813333333333336;45.30513796168231;11.0;11.0;11.0;150
duc6.sparql;350.0;10.0;14.150000000000006;26.798385382696054;10.0;10.0;10.0;160
duc5.sparql;1329.0;284.0;304.1527777777777;90.84293056803075;284.0;284.0;284.0;144
duc3.sparql;130.0;5.0;7.797202797202795;10.400812157183022;5.0;5.0;5.0;143
duc2.sparql;57.0;14.0;18.163636363636364;5.306266457667433;14.0;14.0;14.0;110
duc4.sparql;41.0;24.0;28.545454545454547;5.287698003242113;24.0;24.0;24.0;132
