query_name;max;min;mean;stddev;0.5p;0.25p;0.75p;n
duc3.cy;1019.0;76.0;96.013986013986;78.94337300269136;76.0;76.0;76.0;143
duc6.cy;23698.0;39.0;197.86874999999972;1869.5624790758484;39.0;39.0;39.2075;160
duc5.cy;20348.0;59.0;214.569444444444;1689.5632764338286;59.0;59.0;59.0875;144
duc4.cy;265.0;64.0;78.70454545454547;19.08867960611179;64.0;64.0;64.0;132
duc2.cy;306.0;30.0;40.890909090909105;26.56767210353278;30.0;30.0;30.0;110
duc1.cy;1435.0;3.0;14.773333333333351;116.9563187355435;3.0;3.0;3.0;150
duc7.cy;13031.0;22.0;124.94852941176494;1114.95984528162;22.0;22.0;22.0;136
