query_name;max;min;mean;stddev;0.5p;0.25p;0.75p;n
dsv6.sql;995.0;116.0;150.86708860759492;72.96348484092728;116.0;116.0;116.0;158
dv1.sql;29.0;0.0;0.6225165562913906;2.3769496470737588;0.0;0.0;0.0;151
dsv4.sql;2468.0;775.0;854.8588235294117;163.06343579503735;775.0;775.0;776.9775;170
dsv1.sql;844.0;3.0;9.84375;66.37747466634868;3.0;3.0;3.0;160
dsv2.sql;2022.0;3.0;22.424836601307227;162.77138038924952;3.0;3.0;3.1550000000000002;153
dsv3.sql;1.0;0.0;0.40983606557377034;0.4931525357607859;0.0;0.0;0.0;183
