query_name;max;min;mean;stddev;0.5p;0.25p;0.75p;n
vf3.sql;4735.0;6.0;38.786458333333314;340.75427762747444;6.0;6.0;6.0;192
vf2b.sql;93647.0;590.0;1143.8736842105247;6746.4120603224055;590.0;590.0;604.2725;190
vf4.sql;1933.0;4.0;27.817258883248705;136.73759730570734;4.0;4.0;4.0;197
vf2.sql;505.0;391.0;435.5959595959596;11.223994594539763;391.0;391.0;396.4175;198
vf3b.sql;23.0;4.0;12.252525252525253;6.502390711214453;4.0;4.0;4.0;198
